"Nr.";"Vorname";"Nachname";"E-Mail";"Telefon";"Position";"Abteilung";"Eingestellt";"Gehalt";"Straße";"PLZ";"Stadt";"Land"
"EMP-0001";"Thomas";"Becker";"thomas.becker1@firma.test";"+49 38 2719583";"QA Engineer";"IT";"2020-09-30";"65256";"Feldweg 23";"60311";"Frankfurt";"Deutschland"
"EMP-0002";"Sabine";"Schmitz";"sabine.schmitz2@firma.test";"+49 62 1445199";"Software Engineer";"IT";"2020-06-14";"66495";"Feldweg 51";"20095";"Hamburg";"Deutschland"
"EMP-0003";"Yvonne";"Fuchs";"yvonne.fuchs3@firma.test";"+49 47 1109031";"Compliance Officer";"Legal";"2023-01-14";"113236";"Dorfstraße 179";"50667";"Köln";"Deutschland"
"EMP-0004";"Markus";"Krüger";"markus.krueger4@firma.test";"+49 35 7374122";"Accountant";"Finance";"2021-10-10";"49396";"Bahnhofstraße 92";"50667";"Köln";"Deutschland"
"EMP-0005";"Deniz";"Hofmann";"deniz.hofmann5@firma.test";"+49 59 9996414";"Procurement Manager";"Procurement";"2018-06-27";"131647";"Bahnhofstraße 97";"30159";"Hannover";"Deutschland"
"EMP-0006";"Brigitte";"Herrmann";"brigitte.herrmann6@firma.test";"+49 34 1768805";"Financial Analyst";"Finance";"2020-02-27";"128349";"Schulstraße 198";"45127";"Essen";"Deutschland"
"EMP-0007";"Isabella";"Meyer";"isabella.meyer7@firma.test";"+49 70 7120868";"Marketing Manager";"Marketing";"2021-02-12";"95429";"Dorfstraße 95";"40213";"Düsseldorf";"Deutschland"
"EMP-0008";"Katharina";"Richter";"katharina.richter8@firma.test";"+49 64 5107245";"Controller";"Finance";"2025-02-13";"58431";"Dorfstraße 119";"45127";"Essen";"Deutschland"
"EMP-0009";"Laura";"Neumann";"laura.neumann9@firma.test";"+49 79 1938483";"Legal Counsel";"Legal";"2021-08-21";"136704";"Schulstraße 9";"28195";"Bremen";"Deutschland"
"EMP-0010";"Kemal";"Braun";"kemal.braun10@firma.test";"+49 86 6279418";"Product Designer";"R&D";"2020-05-14";"110341";"Schulstraße 168";"20095";"Hamburg";"Deutschland"
"EMP-0011";"Oskar";"Schmitt";"oskar.schmitt11@firma.test";"+49 77 5408072";"Support Engineer";"Support";"2019-07-26";"68325";"Kirchplatz 110";"60311";"Frankfurt";"Deutschland"
"EMP-0012";"Sofia";"Walter";"sofia.walter12@firma.test";"+49 61 2525206";"Product Designer";"R&D";"2019-07-21";"102784";"Hauptstraße 29";"50667";"Köln";"Deutschland"
"EMP-0013";"Doris";"Kaiser";"doris.kaiser13@firma.test";"+49 54 8852574";"Key Account Manager";"Sales";"2018-09-18";"86432";"Feldweg 65";"45127";"Essen";"Deutschland"
"EMP-0014";"Leila";"Herrmann";"leila.herrmann14@firma.test";"+49 86 5476583";"QA Engineer";"IT";"2019-04-15";"125353";"Lindenweg 29";"01067";"Dresden";"Deutschland"
"EMP-0015";"Isabella";"Schmitz";"isabella.schmitz15@firma.test";"+49 78 3997281";"Key Account Manager";"Sales";"2020-12-14";"101612";"Feldweg 28";"10115";"Berlin";"Deutschland"
"EMP-0016";"Giulia";"Kaiser";"giulia.kaiser16@firma.test";"+49 40 9897858";"Accountant";"Finance";"2022-03-12";"135943";"Hauptstraße 154";"80331";"München";"Deutschland"
"EMP-0017";"Jakob";"Schmid";"jakob.schmid17@firma.test";"+49 33 5041154";"Software Engineer";"IT";"2021-06-13";"67385";"Kirchplatz 21";"70173";"Stuttgart";"Deutschland"
"EMP-0018";"Brigitte";"Weiß";"brigitte.weiss18@firma.test";"+49 38 3154051";"Support Engineer";"Support";"2023-12-22";"136379";"Bergweg 141";"30159";"Hannover";"Deutschland"
"EMP-0019";"Elena";"Schröder";"elena.schroeder19@firma.test";"+49 78 4374754";"Paralegal";"Legal";"2020-05-17";"106686";"Gartenstraße 103";"40213";"Düsseldorf";"Deutschland"
"EMP-0020";"Viktor";"Fuchs";"viktor.fuchs20@firma.test";"+49 45 4769795";"Logistics Coordinator";"Operations";"2023-01-24";"51860";"Bahnhofstraße 87";"44135";"Dortmund";"Deutschland"
"EMP-0021";"Anna";"Walter";"anna.walter21@firma.test";"+49 34 1987737";"Legal Counsel";"Legal";"2020-06-21";"36942";"Schulstraße 18";"45127";"Essen";"Deutschland"
"EMP-0022";"Sofia";"Schneider";"sofia.schneider22@firma.test";"+49 72 9143903";"Operations Manager";"Operations";"2020-09-01";"72500";"Schulstraße 139";"44135";"Dortmund";"Deutschland"
"EMP-0023";"Daniel";"Weiß";"daniel.weiss23@firma.test";"+49 60 7829332";"Vendor Manager";"Procurement";"2020-09-22";"138841";"Schulstraße 25";"04109";"Leipzig";"Deutschland"
"EMP-0024";"Christian";"Peters";"christian.peters24@firma.test";"+49 85 1908841";"Product Designer";"R&D";"2022-08-11";"97213";"Bahnhofstraße 16";"40213";"Düsseldorf";"Deutschland"
"EMP-0025";"Lukas";"Weiß";"lukas.weiss25@firma.test";"+49 64 8526486";"Operations Manager";"Operations";"2020-02-24";"60931";"Dorfstraße 109";"50667";"Köln";"Deutschland"
"EMP-0026";"Emil";"Neumann";"emil.neumann26@firma.test";"+49 81 2642635";"Support Engineer";"Support";"2018-11-05";"94082";"Hauptstraße 167";"90402";"Nürnberg";"Deutschland"
"EMP-0027";"Quentin";"Çelik";"quentin.celik27@firma.test";"+49 56 9147706";"Software Engineer";"IT";"2020-08-26";"57798";"Bergweg 55";"30159";"Hannover";"Deutschland"
"EMP-0028";"Giulia";"Schmitt";"giulia.schmitt28@firma.test";"+49 46 8633773";"DevOps Engineer";"IT";"2018-01-09";"87173";"Gartenstraße 109";"40213";"Düsseldorf";"Deutschland"
"EMP-0029";"Wolfgang";"Tran";"wolfgang.tran29@firma.test";"+49 42 5977931";"Paralegal";"Legal";"2023-06-17";"56289";"Schulstraße 15";"01067";"Dresden";"Deutschland"
"EMP-0030";"Sabine";"Jung";"sabine.jung30@firma.test";"+49 33 8999183";"Legal Counsel";"Legal";"2021-07-08";"43492";"Feldweg 136";"01067";"Dresden";"Deutschland"
"EMP-0031";"Elena";"Fischer";"elena.fischer31@firma.test";"+49 68 2140194";"Legal Counsel";"Legal";"2020-02-01";"44981";"Schulstraße 104";"90402";"Nürnberg";"Deutschland"
"EMP-0032";"Claudia";"Pham";"claudia.pham32@firma.test";"+49 69 2375453";"Buyer";"Procurement";"2024-09-01";"41209";"Ringstraße 169";"45127";"Essen";"Deutschland"
"EMP-0033";"Sabine";"König";"sabine.koenig33@firma.test";"+49 75 6271130";"Compliance Officer";"Legal";"2020-04-16";"123782";"Schulstraße 68";"60311";"Frankfurt";"Deutschland"
"EMP-0034";"Lukas";"Schulz";"lukas.schulz34@firma.test";"+49 59 2677407";"CFO";"Finance";"2018-10-25";"37220";"Bahnhofstraße 138";"70173";"Stuttgart";"Deutschland"
"EMP-0035";"Franziska";"Schulze";"franziska.schulze35@firma.test";"+49 53 5781295";"Accountant";"Finance";"2018-10-09";"68018";"Dorfstraße 113";"70173";"Stuttgart";"Deutschland"
"EMP-0036";"Burak";"Köhler";"burak.koehler36@firma.test";"+49 89 2737893";"Controller";"Finance";"2024-03-21";"75240";"Dorfstraße 68";"28195";"Bremen";"Deutschland"
"EMP-0037";"Claudia";"Russo";"claudia.russo37@firma.test";"+49 43 6752576";"Recruiter";"HR";"2021-02-28";"115276";"Schulstraße 176";"60311";"Frankfurt";"Deutschland"
"EMP-0038";"Thomas";"Arslan";"thomas.arslan38@firma.test";"+49 70 8106422";"CFO";"Finance";"2018-07-28";"48097";"Gartenstraße 12";"60311";"Frankfurt";"Deutschland"
"EMP-0039";"Alexander";"Krüger";"alexander.krueger39@firma.test";"+49 75 8175395";"Sales Director";"Sales";"2022-12-15";"108309";"Feldweg 3";"80331";"München";"Deutschland"
"EMP-0040";"Claudia";"Weber";"claudia.weber40@firma.test";"+49 65 3484601";"Sales Representative";"Sales";"2022-02-21";"112350";"Ringstraße 33";"90402";"Nürnberg";"Deutschland"
"EMP-0041";"Andreas";"Zimmermann";"andreas.zimmermann41@firma.test";"+49 45 2724590";"Operations Manager";"Operations";"2020-05-10";"125399";"Lindenweg 200";"70173";"Stuttgart";"Deutschland"
"EMP-0042";"Rebecca";"Russo";"rebecca.russo42@firma.test";"+49 85 3726327";"Innovation Manager";"R&D";"2019-09-26";"67029";"Dorfstraße 106";"01067";"Dresden";"Deutschland"
"EMP-0043";"Anna";"Koch";"anna.koch43@firma.test";"+49 81 5163555";"Logistics Coordinator";"Operations";"2025-07-06";"132345";"Gartenstraße 41";"30159";"Hannover";"Deutschland"
"EMP-0044";"Fatma";"Scholz";"fatma.scholz44@firma.test";"+49 44 4348276";"Payroll Specialist";"HR";"2018-06-08";"97694";"Bergweg 90";"90402";"Nürnberg";"Deutschland"
"EMP-0045";"Ivan";"Kaya";"ivan.kaya45@firma.test";"+49 55 6507321";"Content Creator";"Marketing";"2025-05-27";"61313";"Gartenstraße 18";"10115";"Berlin";"Deutschland"
"EMP-0046";"Amir";"Yilmaz";"amir.yilmaz46@firma.test";"+49 73 9996207";"Financial Analyst";"Finance";"2023-09-18";"88386";"Lindenweg 8";"28195";"Bremen";"Deutschland"
"EMP-0047";"Claudia";"Russo";"claudia.russo47@firma.test";"+49 36 8290770";"Accountant";"Finance";"2020-12-23";"41014";"Lindenweg 187";"45127";"Essen";"Deutschland"
"EMP-0048";"Fatma";"Braun";"fatma.braun48@firma.test";"+49 87 4188992";"Innovation Manager";"R&D";"2019-04-19";"86488";"Gartenstraße 12";"44135";"Dortmund";"Deutschland"
"EMP-0049";"Yvonne";"Schmitz";"yvonne.schmitz49@firma.test";"+49 76 4305700";"Data Engineer";"IT";"2024-01-15";"126027";"Lindenweg 111";"30159";"Hannover";"Deutschland"
"EMP-0050";"Benjamin";"Pham";"benjamin.pham50@firma.test";"+49 76 6038571";"Supply Chain Analyst";"Operations";"2025-06-10";"52334";"Feldweg 80";"70173";"Stuttgart";"Deutschland"
"EMP-0051";"Viktor";"Werner";"viktor.werner51@firma.test";"+49 38 4218542";"Logistics Coordinator";"Operations";"2021-04-26";"108667";"Ringstraße 171";"01067";"Dresden";"Deutschland"
"EMP-0052";"Luca";"Lange";"luca.lange52@firma.test";"+49 49 5813613";"Sales Director";"Sales";"2024-02-23";"36053";"Schulstraße 111";"40213";"Düsseldorf";"Deutschland"
"EMP-0053";"Fatma";"Walter";"fatma.walter53@firma.test";"+49 58 4585314";"Vendor Manager";"Procurement";"2023-03-20";"93905";"Feldweg 122";"70173";"Stuttgart";"Deutschland"
"EMP-0054";"Fatma";"Ferrari";"fatma.ferrari54@firma.test";"+49 70 6623525";"Sales Representative";"Sales";"2023-10-13";"123012";"Bahnhofstraße 193";"60311";"Frankfurt";"Deutschland"
"EMP-0055";"Greta";"Lang";"greta.lang55@firma.test";"+49 31 1775337";"Accountant";"Finance";"2020-03-26";"55313";"Schulstraße 122";"30159";"Hannover";"Deutschland"
"EMP-0056";"Tanja";"Arslan";"tanja.arslan56@firma.test";"+49 42 7442089";"Payroll Specialist";"HR";"2025-01-23";"111454";"Bergweg 103";"40213";"Düsseldorf";"Deutschland"
"EMP-0057";"Greta";"Hoffmann";"greta.hoffmann57@firma.test";"+49 57 4671545";"Security Analyst";"IT";"2019-03-13";"138029";"Dorfstraße 179";"90402";"Nürnberg";"Deutschland"
"EMP-0058";"Peter";"Meier";"peter.meier58@firma.test";"+49 38 8795419";"Data Engineer";"IT";"2019-05-13";"95829";"Feldweg 144";"50667";"Köln";"Deutschland"
"EMP-0059";"Sebastian";"Braun";"sebastian.braun59@firma.test";"+49 83 8481188";"Helpdesk Technician";"Support";"2023-08-30";"91933";"Dorfstraße 191";"90402";"Nürnberg";"Deutschland"
"EMP-0060";"Giulia";"Lehmann";"giulia.lehmann60@firma.test";"+49 47 9745959";"Customer Success Manager";"Support";"2020-10-09";"119579";"Bergweg 161";"30159";"Hannover";"Deutschland"
"EMP-0061";"Greta";"Neumann";"greta.neumann61@firma.test";"+49 47 6634586";"Support Engineer";"Support";"2021-03-16";"66735";"Lindenweg 139";"01067";"Dresden";"Deutschland"
"EMP-0062";"Brigitte";"Schulz";"brigitte.schulz62@firma.test";"+49 75 4589533";"Account Manager";"Sales";"2025-10-13";"56028";"Bahnhofstraße 107";"40213";"Düsseldorf";"Deutschland"
"EMP-0063";"Maria";"Krüger";"maria.krueger63@firma.test";"+49 83 8048838";"Compliance Officer";"Legal";"2018-09-13";"63110";"Ringstraße 198";"40213";"Düsseldorf";"Deutschland"
"EMP-0064";"Sabine";"Pham";"sabine.pham64@firma.test";"+49 60 1098919";"Security Analyst";"IT";"2024-06-16";"85857";"Lindenweg 77";"30159";"Hannover";"Deutschland"
"EMP-0065";"Mehmet";"Lange";"mehmet.lange65@firma.test";"+49 87 4700025";"Innovation Manager";"R&D";"2024-02-15";"115069";"Bergweg 57";"01067";"Dresden";"Deutschland"
"EMP-0066";"Heinrich";"Schmitz";"heinrich.schmitz66@firma.test";"+49 73 7783308";"Support Engineer";"Support";"2021-10-08";"123670";"Dorfstraße 120";"40213";"Düsseldorf";"Deutschland"
"EMP-0067";"Matteo";"Schulz";"matteo.schulz67@firma.test";"+49 66 1454696";"Vendor Manager";"Procurement";"2022-06-02";"113580";"Bahnhofstraße 165";"10115";"Berlin";"Deutschland"
"EMP-0068";"Markus";"Schulz";"markus.schulz68@firma.test";"+49 50 4551070";"Support Engineer";"Support";"2020-12-01";"85689";"Bergweg 84";"10115";"Berlin";"Deutschland"
"EMP-0069";"Julia";"Hahn";"julia.hahn69@firma.test";"+49 83 2374158";"Product Designer";"R&D";"2022-09-23";"69065";"Bergweg 5";"30159";"Hannover";"Deutschland"
"EMP-0070";"Emre";"Köhler";"emre.koehler70@firma.test";"+49 79 1675419";"Tech Lead";"IT";"2025-04-16";"44993";"Hauptstraße 64";"50667";"Köln";"Deutschland"
"EMP-0071";"Fabian";"Çelik";"fabian.celik71@firma.test";"+49 60 2919136";"Data Engineer";"IT";"2020-09-04";"52544";"Kirchplatz 56";"80331";"München";"Deutschland"
"EMP-0072";"Niklas";"Scholz";"niklas.scholz72@firma.test";"+49 77 2921542";"Financial Analyst";"Finance";"2024-10-17";"115593";"Dorfstraße 80";"80331";"München";"Deutschland"
"EMP-0073";"Christian";"Walter";"christian.walter73@firma.test";"+49 55 4327421";"Tech Lead";"IT";"2025-08-06";"85192";"Bahnhofstraße 152";"45127";"Essen";"Deutschland"
"EMP-0074";"Wolfgang";"Çelik";"wolfgang.celik74@firma.test";"+49 68 3030966";"Marketing Manager";"Marketing";"2021-05-20";"125687";"Kirchplatz 11";"01067";"Dresden";"Deutschland"
"EMP-0075";"Katharina";"Köhler";"katharina.koehler75@firma.test";"+49 71 6724909";"Innovation Manager";"R&D";"2018-10-10";"102317";"Hauptstraße 108";"70173";"Stuttgart";"Deutschland"
"EMP-0076";"Selin";"Schmid";"selin.schmid76@firma.test";"+49 75 3566765";"Payroll Specialist";"HR";"2025-02-16";"96258";"Ringstraße 46";"70173";"Stuttgart";"Deutschland"
"EMP-0077";"Zoe";"Maier";"zoe.maier77@firma.test";"+49 67 5502929";"CFO";"Finance";"2022-11-20";"131817";"Lindenweg 63";"04109";"Leipzig";"Deutschland"
"EMP-0078";"Burak";"Nguyen";"burak.nguyen78@firma.test";"+49 59 7358385";"HR Business Partner";"HR";"2020-09-25";"134366";"Lindenweg 8";"04109";"Leipzig";"Deutschland"
"EMP-0079";"Oskar";"Arslan";"oskar.arslan79@firma.test";"+49 81 5334434";"Operations Manager";"Operations";"2020-05-18";"82507";"Lindenweg 72";"04109";"Leipzig";"Deutschland"
"EMP-0080";"Marco";"Mayer";"marco.mayer80@firma.test";"+49 45 7818732";"Controller";"Finance";"2020-02-22";"47221";"Bergweg 143";"44135";"Dortmund";"Deutschland"
"EMP-0081";"Mehmet";"Wolf";"mehmet.wolf81@firma.test";"+49 80 1289293";"Helpdesk Technician";"Support";"2023-07-04";"94743";"Bahnhofstraße 76";"01067";"Dresden";"Deutschland"
"EMP-0082";"Gabriel";"Schmitt";"gabriel.schmitt82@firma.test";"+49 60 9907391";"SEO Specialist";"Marketing";"2024-07-10";"84368";"Lindenweg 109";"28195";"Bremen";"Deutschland"
"EMP-0083";"Emre";"Herrmann";"emre.herrmann83@firma.test";"+49 49 5217853";"Logistics Coordinator";"Operations";"2023-02-02";"71509";"Schulstraße 31";"01067";"Dresden";"Deutschland"
"EMP-0084";"Zoe";"Bauer";"zoe.bauer84@firma.test";"+49 74 4106298";"Operations Manager";"Operations";"2024-01-04";"135901";"Schulstraße 56";"01067";"Dresden";"Deutschland"
"EMP-0085";"Emre";"Lehmann";"emre.lehmann85@firma.test";"+49 44 7054579";"Financial Analyst";"Finance";"2020-03-06";"74829";"Dorfstraße 78";"20095";"Hamburg";"Deutschland"
"EMP-0086";"Alexander";"Möller";"alexander.moeller86@firma.test";"+49 65 5901239";"Legal Counsel";"Legal";"2018-07-06";"43146";"Dorfstraße 164";"60311";"Frankfurt";"Deutschland"
"EMP-0087";"Giulia";"Hahn";"giulia.hahn87@firma.test";"+49 48 8875173";"Support Engineer";"Support";"2018-02-20";"111243";"Bergweg 113";"90402";"Nürnberg";"Deutschland"
"EMP-0088";"Julia";"Koch";"julia.koch88@firma.test";"+49 82 2096280";"Tech Lead";"IT";"2023-05-11";"50953";"Ringstraße 126";"90402";"Nürnberg";"Deutschland"
"EMP-0089";"Benjamin";"König";"benjamin.koenig89@firma.test";"+49 35 5163953";"DevOps Engineer";"IT";"2024-04-24";"75824";"Bahnhofstraße 143";"80331";"München";"Deutschland"
"EMP-0090";"Mehmet";"Werner";"mehmet.werner90@firma.test";"+49 79 9767312";"Vendor Manager";"Procurement";"2024-12-08";"65581";"Ringstraße 116";"30159";"Hannover";"Deutschland"
"EMP-0091";"Matteo";"Krause";"matteo.krause91@firma.test";"+49 33 2664863";"CFO";"Finance";"2024-05-18";"117399";"Schulstraße 161";"60311";"Frankfurt";"Deutschland"
"EMP-0092";"Franziska";"Schröder";"franziska.schroeder92@firma.test";"+49 34 3626181";"Recruiter";"HR";"2019-12-13";"108350";"Hauptstraße 105";"50667";"Köln";"Deutschland"
"EMP-0093";"Nadine";"Scholz";"nadine.scholz93@firma.test";"+49 48 5743227";"Procurement Manager";"Procurement";"2018-05-14";"66340";"Bergweg 19";"60311";"Frankfurt";"Deutschland"
"EMP-0094";"Vanessa";"Klein";"vanessa.klein94@firma.test";"+49 44 3499627";"Accountant";"Finance";"2019-04-16";"107376";"Gartenstraße 37";"40213";"Düsseldorf";"Deutschland"
"EMP-0095";"Benjamin";"Fischer";"benjamin.fischer95@firma.test";"+49 58 3086308";"Sales Director";"Sales";"2024-05-20";"73828";"Bergweg 177";"45127";"Essen";"Deutschland"
"EMP-0096";"Ivan";"Scholz";"ivan.scholz96@firma.test";"+49 58 2349590";"Product Designer";"R&D";"2024-01-21";"100722";"Kirchplatz 11";"44135";"Dortmund";"Deutschland"
"EMP-0097";"Marco";"Schmitz";"marco.schmitz97@firma.test";"+49 44 1348050";"Supply Chain Analyst";"Operations";"2018-04-16";"47970";"Gartenstraße 148";"60311";"Frankfurt";"Deutschland"
"EMP-0098";"Andreas";"Hahn";"andreas.hahn98@firma.test";"+49 88 5666692";"Key Account Manager";"Sales";"2025-04-22";"93963";"Dorfstraße 150";"44135";"Dortmund";"Deutschland"
"EMP-0099";"Markus";"Kaiser";"markus.kaiser99@firma.test";"+49 51 6386463";"Support Engineer";"Support";"2021-11-26";"89523";"Bahnhofstraße 42";"04109";"Leipzig";"Deutschland"
"EMP-0100";"Julia";"Werner";"julia.werner100@firma.test";"+49 65 1615675";"Customer Success Manager";"Support";"2022-06-29";"135680";"Bergweg 23";"28195";"Bremen";"Deutschland"
"EMP-0101";"Jakob";"Schröder";"jakob.schroeder101@firma.test";"+49 82 1019311";"Operations Manager";"Operations";"2022-07-14";"103449";"Feldweg 119";"30159";"Hannover";"Deutschland"
"EMP-0102";"Maria";"Fischer";"maria.fischer102@firma.test";"+49 58 1865901";"SEO Specialist";"Marketing";"2023-08-04";"117973";"Schulstraße 69";"45127";"Essen";"Deutschland"
"EMP-0103";"Rebecca";"Schulz";"rebecca.schulz103@firma.test";"+49 31 5014745";"CFO";"Finance";"2023-06-09";"51915";"Dorfstraße 80";"01067";"Dresden";"Deutschland"
"EMP-0104";"Rebecca";"Müller";"rebecca.mueller104@firma.test";"+49 59 2970754";"Compliance Officer";"Legal";"2020-07-09";"50871";"Dorfstraße 128";"20095";"Hamburg";"Deutschland"
"EMP-0105";"Elena";"Möller";"elena.moeller105@firma.test";"+49 45 8663605";"Financial Analyst";"Finance";"2023-05-31";"97894";"Feldweg 38";"40213";"Düsseldorf";"Deutschland"
"EMP-0106";"Laura";"Bauer";"laura.bauer106@firma.test";"+49 47 7961578";"Vendor Manager";"Procurement";"2019-07-14";"45150";"Lindenweg 130";"01067";"Dresden";"Deutschland"
"EMP-0107";"Heinrich";"Kaya";"heinrich.kaya107@firma.test";"+49 67 9214801";"Tech Lead";"IT";"2021-05-07";"112931";"Dorfstraße 115";"01067";"Dresden";"Deutschland"
"EMP-0108";"Quentin";"Lehmann";"quentin.lehmann108@firma.test";"+49 59 6398528";"Logistics Coordinator";"Operations";"2024-02-04";"85441";"Schulstraße 179";"44135";"Dortmund";"Deutschland"
"EMP-0109";"Greta";"König";"greta.koenig109@firma.test";"+49 50 8935224";"Research Scientist";"R&D";"2022-08-10";"41720";"Ringstraße 99";"90402";"Nürnberg";"Deutschland"
"EMP-0110";"Viktor";"Demir";"viktor.demir110@firma.test";"+49 67 6569946";"Key Account Manager";"Sales";"2019-06-02";"101836";"Bahnhofstraße 113";"10115";"Berlin";"Deutschland"
"EMP-0111";"Christian";"Maier";"christian.maier111@firma.test";"+49 85 3589751";"Support Engineer";"Support";"2019-08-14";"89736";"Bahnhofstraße 121";"01067";"Dresden";"Deutschland"
"EMP-0112";"Fatma";"Schröder";"fatma.schroeder112@firma.test";"+49 35 6512415";"Supply Chain Analyst";"Operations";"2022-06-17";"121175";"Feldweg 98";"01067";"Dresden";"Deutschland"
"EMP-0113";"Amir";"Braun";"amir.braun113@firma.test";"+49 45 5821419";"Helpdesk Technician";"Support";"2024-12-04";"44968";"Schulstraße 192";"10115";"Berlin";"Deutschland"
"EMP-0114";"Brigitte";"Schmitz";"brigitte.schmitz114@firma.test";"+49 49 1485654";"HR Manager";"HR";"2019-11-13";"126964";"Hauptstraße 84";"04109";"Leipzig";"Deutschland"
"EMP-0115";"Fatma";"Fischer";"fatma.fischer115@firma.test";"+49 45 9911492";"Financial Analyst";"Finance";"2022-10-31";"55080";"Ringstraße 145";"70173";"Stuttgart";"Deutschland"
"EMP-0116";"Vanessa";"Demir";"vanessa.demir116@firma.test";"+49 85 7418028";"Account Manager";"Sales";"2018-11-20";"115887";"Kirchplatz 175";"80331";"München";"Deutschland"
"EMP-0117";"Greta";"Schmid";"greta.schmid117@firma.test";"+49 46 8710313";"Buyer";"Procurement";"2023-03-04";"119611";"Gartenstraße 171";"50667";"Köln";"Deutschland"
"EMP-0118";"Alexander";"Ferrari";"alexander.ferrari118@firma.test";"+49 34 8410995";"Customer Success Manager";"Support";"2024-02-17";"56706";"Lindenweg 151";"28195";"Bremen";"Deutschland"
"EMP-0119";"Ivan";"Kaiser";"ivan.kaiser119@firma.test";"+49 42 7454081";"Innovation Manager";"R&D";"2023-02-15";"75599";"Bergweg 28";"60311";"Frankfurt";"Deutschland"
"EMP-0120";"Greta";"Lange";"greta.lange120@firma.test";"+49 48 1368085";"Procurement Manager";"Procurement";"2021-04-26";"127655";"Ringstraße 71";"45127";"Essen";"Deutschland"
"EMP-0121";"Alexander";"König";"alexander.koenig121@firma.test";"+49 79 4860745";"Data Engineer";"IT";"2023-07-28";"73512";"Kirchplatz 91";"01067";"Dresden";"Deutschland"
"EMP-0122";"Gabriel";"Kaiser";"gabriel.kaiser122@firma.test";"+49 83 3294774";"SEO Specialist";"Marketing";"2025-05-24";"125241";"Bahnhofstraße 161";"28195";"Bremen";"Deutschland"
"EMP-0123";"Ursula";"Schneider";"ursula.schneider123@firma.test";"+49 76 3204724";"CFO";"Finance";"2024-07-01";"83823";"Bahnhofstraße 76";"10115";"Berlin";"Deutschland"
"EMP-0124";"Jakob";"Jung";"jakob.jung124@firma.test";"+49 64 7138070";"Research Scientist";"R&D";"2019-06-26";"139089";"Feldweg 129";"50667";"Köln";"Deutschland"
"EMP-0125";"Matteo";"Neumann";"matteo.neumann125@firma.test";"+49 77 6682698";"Sales Director";"Sales";"2023-05-28";"74684";"Bahnhofstraße 120";"90402";"Nürnberg";"Deutschland"
"EMP-0126";"Amir";"Weber";"amir.weber126@firma.test";"+49 73 7667458";"Account Manager";"Sales";"2025-08-02";"130924";"Feldweg 94";"90402";"Nürnberg";"Deutschland"
"EMP-0127";"Brigitte";"Demir";"brigitte.demir127@firma.test";"+49 59 7183841";"Research Scientist";"R&D";"2024-01-07";"52199";"Gartenstraße 150";"60311";"Frankfurt";"Deutschland"
"EMP-0128";"Laura";"Kaya";"laura.kaya128@firma.test";"+49 31 6503032";"Operations Manager";"Operations";"2020-08-15";"97797";"Kirchplatz 57";"28195";"Bremen";"Deutschland"
"EMP-0129";"Ursula";"Weber";"ursula.weber129@firma.test";"+49 37 3345069";"Helpdesk Technician";"Support";"2025-04-13";"89516";"Hauptstraße 10";"60311";"Frankfurt";"Deutschland"
"EMP-0130";"Ivan";"Schmid";"ivan.schmid130@firma.test";"+49 54 8610879";"HR Manager";"HR";"2024-01-11";"53781";"Lindenweg 172";"50667";"Köln";"Deutschland"
"EMP-0131";"Luca";"Jung";"luca.jung131@firma.test";"+49 71 2661307";"Compliance Officer";"Legal";"2019-09-25";"90379";"Bergweg 158";"45127";"Essen";"Deutschland"
"EMP-0132";"Maria";"Pham";"maria.pham132@firma.test";"+49 58 8460758";"Controller";"Finance";"2022-02-26";"64477";"Schulstraße 93";"01067";"Dresden";"Deutschland"
"EMP-0133";"Christian";"Lang";"christian.lang133@firma.test";"+49 55 5628522";"Supply Chain Analyst";"Operations";"2022-01-09";"43936";"Schulstraße 32";"28195";"Bremen";"Deutschland"
"EMP-0134";"Luca";"Arslan";"luca.arslan134@firma.test";"+49 70 1358318";"Support Engineer";"Support";"2020-05-18";"120109";"Hauptstraße 86";"28195";"Bremen";"Deutschland"
"EMP-0135";"Greta";"Schulz";"greta.schulz135@firma.test";"+49 67 4623062";"Buyer";"Procurement";"2024-03-20";"63152";"Schulstraße 85";"20095";"Hamburg";"Deutschland"
"EMP-0136";"Ayşe";"Hoffmann";"ayse.hoffmann136@firma.test";"+49 64 5205279";"Buyer";"Procurement";"2019-08-16";"53038";"Dorfstraße 29";"60311";"Frankfurt";"Deutschland"
"EMP-0137";"Viktor";"Rossi";"viktor.rossi137@firma.test";"+49 80 4991829";"DevOps Engineer";"IT";"2022-01-07";"139544";"Kirchplatz 83";"10115";"Berlin";"Deutschland"
"EMP-0138";"Anna";"Koch";"anna.koch138@firma.test";"+49 37 2066326";"Controller";"Finance";"2022-09-21";"104955";"Bergweg 115";"80331";"München";"Deutschland"
"EMP-0139";"Ayşe";"Hartmann";"ayse.hartmann139@firma.test";"+49 44 1727544";"Paralegal";"Legal";"2023-01-26";"102039";"Feldweg 78";"20095";"Hamburg";"Deutschland"
"EMP-0140";"Niklas";"Fuchs";"niklas.fuchs140@firma.test";"+49 73 2811298";"Software Engineer";"IT";"2022-07-04";"91872";"Bergweg 183";"04109";"Leipzig";"Deutschland"
"EMP-0141";"Matteo";"Krause";"matteo.krause141@firma.test";"+49 34 3117143";"HR Manager";"HR";"2024-10-27";"55442";"Gartenstraße 160";"70173";"Stuttgart";"Deutschland"
"EMP-0142";"Thomas";"Walter";"thomas.walter142@firma.test";"+49 63 5947563";"Paralegal";"Legal";"2022-04-10";"114301";"Bergweg 130";"70173";"Stuttgart";"Deutschland"
"EMP-0143";"Sebastian";"Schmitz";"sebastian.schmitz143@firma.test";"+49 86 4607488";"HR Manager";"HR";"2025-05-05";"121316";"Ringstraße 116";"90402";"Nürnberg";"Deutschland"
"EMP-0144";"Marco";"Klein";"marco.klein144@firma.test";"+49 56 2595275";"Product Designer";"R&D";"2023-02-01";"88262";"Lindenweg 110";"90402";"Nürnberg";"Deutschland"
"EMP-0145";"Jakob";"Peters";"jakob.peters145@firma.test";"+49 34 2530497";"Financial Analyst";"Finance";"2025-09-14";"98163";"Bahnhofstraße 24";"80331";"München";"Deutschland"
"EMP-0146";"Markus";"Wagner";"markus.wagner146@firma.test";"+49 65 6530541";"Operations Manager";"Operations";"2018-09-03";"112869";"Bahnhofstraße 106";"44135";"Dortmund";"Deutschland"
"EMP-0147";"Katharina";"Rossi";"katharina.rossi147@firma.test";"+49 49 6899644";"Innovation Manager";"R&D";"2021-03-24";"114696";"Bahnhofstraße 148";"10115";"Berlin";"Deutschland"
"EMP-0148";"Paula";"Richter";"paula.richter148@firma.test";"+49 84 7166651";"Key Account Manager";"Sales";"2019-03-20";"81890";"Bahnhofstraße 196";"50667";"Köln";"Deutschland"
"EMP-0149";"Heinrich";"König";"heinrich.koenig149@firma.test";"+49 82 1440466";"Brand Manager";"Marketing";"2024-04-16";"136588";"Kirchplatz 169";"90402";"Nürnberg";"Deutschland"
"EMP-0150";"Burak";"Scholz";"burak.scholz150@firma.test";"+49 78 6183902";"Controller";"Finance";"2021-01-24";"128104";"Lindenweg 90";"80331";"München";"Deutschland"
"EMP-0151";"Alexander";"Koch";"alexander.koch151@firma.test";"+49 70 1514340";"Key Account Manager";"Sales";"2019-08-05";"133120";"Bahnhofstraße 192";"20095";"Hamburg";"Deutschland"
"EMP-0152";"Peter";"Richter";"peter.richter152@firma.test";"+49 53 6228407";"Product Designer";"R&D";"2021-10-28";"56631";"Lindenweg 199";"04109";"Leipzig";"Deutschland"
"EMP-0153";"Luca";"König";"luca.koenig153@firma.test";"+49 78 1834876";"Buyer";"Procurement";"2019-09-30";"56632";"Bahnhofstraße 70";"10115";"Berlin";"Deutschland"
"EMP-0154";"Nadine";"Peters";"nadine.peters154@firma.test";"+49 47 4616647";"Product Designer";"R&D";"2022-12-16";"90287";"Feldweg 30";"45127";"Essen";"Deutschland"
"EMP-0155";"Katharina";"Schmitz";"katharina.schmitz155@firma.test";"+49 61 9840487";"HR Business Partner";"HR";"2025-08-11";"113743";"Gartenstraße 12";"28195";"Bremen";"Deutschland"
"EMP-0156";"Gabriel";"Schmitt";"gabriel.schmitt156@firma.test";"+49 43 3302417";"Buyer";"Procurement";"2020-04-17";"75507";"Gartenstraße 75";"10115";"Berlin";"Deutschland"
"EMP-0157";"Jakob";"Becker";"jakob.becker157@firma.test";"+49 38 7378822";"System Administrator";"IT";"2022-10-30";"59028";"Feldweg 181";"01067";"Dresden";"Deutschland"
"EMP-0158";"Gabriel";"Schulze";"gabriel.schulze158@firma.test";"+49 55 1709714";"Paralegal";"Legal";"2021-12-21";"45447";"Ringstraße 5";"30159";"Hannover";"Deutschland"
"EMP-0159";"Niklas";"Esposito";"niklas.esposito159@firma.test";"+49 55 8007741";"HR Business Partner";"HR";"2022-10-25";"111156";"Gartenstraße 30";"45127";"Essen";"Deutschland"
"EMP-0160";"Lukas";"Schmidt";"lukas.schmidt160@firma.test";"+49 83 7070880";"Operations Manager";"Operations";"2024-12-06";"96305";"Bahnhofstraße 112";"30159";"Hannover";"Deutschland"
"EMP-0161";"Deniz";"Wagner";"deniz.wagner161@firma.test";"+49 35 7639863";"Brand Manager";"Marketing";"2022-06-29";"104676";"Gartenstraße 191";"45127";"Essen";"Deutschland"
"EMP-0162";"Julia";"Klein";"julia.klein162@firma.test";"+49 37 9902071";"Operations Manager";"Operations";"2023-09-22";"118998";"Feldweg 50";"20095";"Hamburg";"Deutschland"
"EMP-0163";"Sofia";"Yilmaz";"sofia.yilmaz163@firma.test";"+49 45 2724773";"Logistics Coordinator";"Operations";"2025-03-28";"55358";"Dorfstraße 66";"01067";"Dresden";"Deutschland"
"EMP-0164";"Fabian";"Koch";"fabian.koch164@firma.test";"+49 41 9289908";"Buyer";"Procurement";"2025-05-08";"45876";"Bergweg 194";"30159";"Hannover";"Deutschland"
"EMP-0165";"Robert";"Hahn";"robert.hahn165@firma.test";"+49 70 6422534";"Procurement Manager";"Procurement";"2024-05-01";"120278";"Lindenweg 39";"28195";"Bremen";"Deutschland"
"EMP-0166";"Nadine";"Weber";"nadine.weber166@firma.test";"+49 67 1942411";"Customer Success Manager";"Support";"2021-05-25";"72002";"Lindenweg 130";"28195";"Bremen";"Deutschland"
"EMP-0167";"Benjamin";"Zimmermann";"benjamin.zimmermann167@firma.test";"+49 83 5816353";"Customer Success Manager";"Support";"2018-08-22";"84331";"Bahnhofstraße 166";"10115";"Berlin";"Deutschland"
"EMP-0168";"Giulia";"Arslan";"giulia.arslan168@firma.test";"+49 80 1688246";"Payroll Specialist";"HR";"2024-07-05";"108655";"Bergweg 147";"04109";"Leipzig";"Deutschland"
"EMP-0169";"Ursula";"Bauer";"ursula.bauer169@firma.test";"+49 33 8558523";"Supply Chain Analyst";"Operations";"2023-08-16";"55773";"Bahnhofstraße 88";"04109";"Leipzig";"Deutschland"
"EMP-0170";"Leila";"Möller";"leila.moeller170@firma.test";"+49 58 8372274";"Recruiter";"HR";"2020-10-11";"128749";"Feldweg 134";"10115";"Berlin";"Deutschland"
"EMP-0171";"Tanja";"Schäfer";"tanja.schaefer171@firma.test";"+49 79 6676858";"Logistics Coordinator";"Operations";"2022-05-06";"89578";"Kirchplatz 14";"60311";"Frankfurt";"Deutschland"
"EMP-0172";"Fatma";"Kaiser";"fatma.kaiser172@firma.test";"+49 73 7485471";"Operations Manager";"Operations";"2019-01-23";"109133";"Gartenstraße 65";"70173";"Stuttgart";"Deutschland"
"EMP-0173";"Zoe";"Arslan";"zoe.arslan173@firma.test";"+49 72 3372774";"Buyer";"Procurement";"2018-11-30";"112380";"Lindenweg 80";"70173";"Stuttgart";"Deutschland"
"EMP-0174";"Amir";"Fuchs";"amir.fuchs174@firma.test";"+49 49 7319630";"Research Scientist";"R&D";"2025-12-13";"47104";"Lindenweg 33";"45127";"Essen";"Deutschland"
"EMP-0175";"Viktor";"Scholz";"viktor.scholz175@firma.test";"+49 62 7070468";"Legal Counsel";"Legal";"2025-07-09";"91496";"Hauptstraße 93";"28195";"Bremen";"Deutschland"
"EMP-0176";"Ivan";"Koch";"ivan.koch176@firma.test";"+49 44 3307963";"SEO Specialist";"Marketing";"2023-06-15";"61166";"Dorfstraße 20";"30159";"Hannover";"Deutschland"
"EMP-0177";"Isabella";"Arslan";"isabella.arslan177@firma.test";"+49 69 3198638";"HR Manager";"HR";"2021-10-11";"136441";"Kirchplatz 97";"28195";"Bremen";"Deutschland"
"EMP-0178";"Doris";"Schäfer";"doris.schaefer178@firma.test";"+49 56 7111929";"Account Manager";"Sales";"2022-11-28";"41726";"Schulstraße 114";"01067";"Dresden";"Deutschland"
"EMP-0179";"Tanja";"Schwarz";"tanja.schwarz179@firma.test";"+49 81 8868776";"Support Engineer";"Support";"2020-09-06";"76562";"Schulstraße 95";"44135";"Dortmund";"Deutschland"
"EMP-0180";"Vanessa";"Pham";"vanessa.pham180@firma.test";"+49 54 9437374";"Procurement Manager";"Procurement";"2021-02-28";"137990";"Feldweg 108";"04109";"Leipzig";"Deutschland"
"EMP-0181";"Amir";"Schäfer";"amir.schaefer181@firma.test";"+49 71 9062973";"Content Creator";"Marketing";"2020-10-21";"42839";"Lindenweg 142";"90402";"Nürnberg";"Deutschland"
"EMP-0182";"Elena";"Wagner";"elena.wagner182@firma.test";"+49 40 5576678";"Legal Counsel";"Legal";"2018-12-10";"136023";"Bergweg 132";"60311";"Frankfurt";"Deutschland"
"EMP-0183";"Doris";"Çelik";"doris.celik183@firma.test";"+49 89 1447451";"Research Scientist";"R&D";"2023-01-22";"81820";"Ringstraße 14";"50667";"Köln";"Deutschland"
"EMP-0184";"Lukas";"Schulze";"lukas.schulze184@firma.test";"+49 44 1472908";"Operations Manager";"Operations";"2018-12-01";"85140";"Lindenweg 26";"40213";"Düsseldorf";"Deutschland"
"EMP-0185";"Burak";"Möller";"burak.moeller185@firma.test";"+49 88 8926478";"Operations Manager";"Operations";"2018-06-06";"73601";"Dorfstraße 195";"80331";"München";"Deutschland"
"EMP-0186";"Yvonne";"Lehmann";"yvonne.lehmann186@firma.test";"+49 46 4618086";"Helpdesk Technician";"Support";"2018-11-21";"38490";"Dorfstraße 141";"10115";"Berlin";"Deutschland"
"EMP-0187";"Luca";"Weiß";"luca.weiss187@firma.test";"+49 48 4986941";"Vendor Manager";"Procurement";"2019-04-01";"137734";"Gartenstraße 32";"40213";"Düsseldorf";"Deutschland"
"EMP-0188";"Angelika";"Wolf";"angelika.wolf188@firma.test";"+49 34 2859886";"Innovation Manager";"R&D";"2024-12-26";"95914";"Bergweg 153";"30159";"Hannover";"Deutschland"
"EMP-0189";"Quentin";"Schmidt";"quentin.schmidt189@firma.test";"+49 57 1026245";"Paralegal";"Legal";"2019-08-12";"74177";"Kirchplatz 91";"50667";"Köln";"Deutschland"
"EMP-0190";"Greta";"König";"greta.koenig190@firma.test";"+49 63 7049927";"Research Scientist";"R&D";"2025-06-30";"47221";"Bahnhofstraße 135";"28195";"Bremen";"Deutschland"
"EMP-0191";"Quentin";"Schulze";"quentin.schulze191@firma.test";"+49 32 7490791";"Paralegal";"Legal";"2022-05-19";"97621";"Lindenweg 65";"10115";"Berlin";"Deutschland"
"EMP-0192";"Emre";"Schmidt";"emre.schmidt192@firma.test";"+49 72 2739191";"Operations Manager";"Operations";"2020-09-14";"132068";"Kirchplatz 189";"70173";"Stuttgart";"Deutschland"
"EMP-0193";"Mehmet";"Krüger";"mehmet.krueger193@firma.test";"+49 82 3937508";"Sales Representative";"Sales";"2024-02-15";"80374";"Bergweg 179";"70173";"Stuttgart";"Deutschland"
"EMP-0194";"Olivia";"Kaiser";"olivia.kaiser194@firma.test";"+49 48 4382135";"Account Manager";"Sales";"2023-02-18";"40847";"Hauptstraße 52";"20095";"Hamburg";"Deutschland"
"EMP-0195";"Marco";"Schneider";"marco.schneider195@firma.test";"+49 60 5249899";"Logistics Coordinator";"Operations";"2022-06-20";"107176";"Hauptstraße 193";"44135";"Dortmund";"Deutschland"
"EMP-0196";"Ursula";"Bauer";"ursula.bauer196@firma.test";"+49 51 5583814";"Financial Analyst";"Finance";"2018-07-15";"121948";"Bahnhofstraße 95";"90402";"Nürnberg";"Deutschland"
"EMP-0197";"Markus";"Russo";"markus.russo197@firma.test";"+49 41 9324908";"Innovation Manager";"R&D";"2022-05-03";"80438";"Bergweg 95";"04109";"Leipzig";"Deutschland"
"EMP-0198";"Elena";"Öztürk";"elena.oeztuerk198@firma.test";"+49 57 2324175";"Compliance Officer";"Legal";"2018-12-05";"131300";"Ringstraße 155";"30159";"Hannover";"Deutschland"
"EMP-0199";"Selin";"Koch";"selin.koch199@firma.test";"+49 50 5960015";"Compliance Officer";"Legal";"2019-02-25";"46494";"Gartenstraße 115";"70173";"Stuttgart";"Deutschland"
"EMP-0200";"Sebastian";"Möller";"sebastian.moeller200@firma.test";"+49 58 1710601";"Research Scientist";"R&D";"2022-12-24";"82077";"Lindenweg 158";"01067";"Dresden";"Deutschland"
"EMP-0201";"Markus";"Neumann";"markus.neumann201@firma.test";"+49 53 9608154";"Software Engineer";"IT";"2025-02-24";"89242";"Dorfstraße 8";"28195";"Bremen";"Deutschland"
"EMP-0202";"Doris";"Arslan";"doris.arslan202@firma.test";"+49 38 2127988";"Vendor Manager";"Procurement";"2022-11-30";"40561";"Schulstraße 200";"30159";"Hannover";"Deutschland"
"EMP-0203";"Ursula";"Hartmann";"ursula.hartmann203@firma.test";"+49 39 8548448";"Logistics Coordinator";"Operations";"2018-05-13";"115310";"Lindenweg 96";"45127";"Essen";"Deutschland"
"EMP-0204";"Nadine";"Hahn";"nadine.hahn204@firma.test";"+49 50 5675638";"Recruiter";"HR";"2022-02-12";"88171";"Schulstraße 30";"44135";"Dortmund";"Deutschland"
"EMP-0205";"Anna";"Jung";"anna.jung205@firma.test";"+49 37 5391883";"Key Account Manager";"Sales";"2022-05-05";"109619";"Gartenstraße 181";"44135";"Dortmund";"Deutschland"
"EMP-0206";"Nadine";"Richter";"nadine.richter206@firma.test";"+49 37 3277144";"Procurement Manager";"Procurement";"2023-07-05";"62237";"Bahnhofstraße 116";"01067";"Dresden";"Deutschland"
"EMP-0207";"Emil";"Ferrari";"emil.ferrari207@firma.test";"+49 72 6828829";"Support Engineer";"Support";"2025-08-25";"77889";"Bahnhofstraße 141";"30159";"Hannover";"Deutschland"
"EMP-0208";"Quentin";"Schwarz";"quentin.schwarz208@firma.test";"+49 70 3920762";"Accountant";"Finance";"2025-12-16";"127779";"Lindenweg 131";"01067";"Dresden";"Deutschland"
"EMP-0209";"Gabriel";"Becker";"gabriel.becker209@firma.test";"+49 53 7189302";"Content Creator";"Marketing";"2023-07-17";"39445";"Bergweg 142";"50667";"Köln";"Deutschland"
"EMP-0210";"Daniel";"Huber";"daniel.huber210@firma.test";"+49 76 9030667";"HR Manager";"HR";"2022-06-19";"129969";"Feldweg 106";"60311";"Frankfurt";"Deutschland"
"EMP-0211";"Ayşe";"Werner";"ayse.werner211@firma.test";"+49 34 8549319";"Buyer";"Procurement";"2021-07-22";"120192";"Bergweg 175";"80331";"München";"Deutschland"
"EMP-0212";"Peter";"Hofmann";"peter.hofmann212@firma.test";"+49 62 1929673";"Account Manager";"Sales";"2019-06-13";"92704";"Bahnhofstraße 133";"30159";"Hannover";"Deutschland"
"EMP-0213";"Doris";"Zimmermann";"doris.zimmermann213@firma.test";"+49 52 9705660";"Account Manager";"Sales";"2025-12-15";"65552";"Gartenstraße 21";"70173";"Stuttgart";"Deutschland"
"EMP-0214";"Hannah";"Bauer";"hannah.bauer214@firma.test";"+49 69 9950276";"Compliance Officer";"Legal";"2025-01-04";"75691";"Bahnhofstraße 129";"80331";"München";"Deutschland"
"EMP-0215";"Ursula";"Schäfer";"ursula.schaefer215@firma.test";"+49 69 6664316";"Vendor Manager";"Procurement";"2019-12-03";"122341";"Kirchplatz 11";"80331";"München";"Deutschland"
"EMP-0216";"Selin";"Rossi";"selin.rossi216@firma.test";"+49 66 5440189";"Software Engineer";"IT";"2025-03-12";"137059";"Schulstraße 197";"10115";"Berlin";"Deutschland"
"EMP-0217";"Robert";"Werner";"robert.werner217@firma.test";"+49 64 5859883";"Vendor Manager";"Procurement";"2023-08-02";"118203";"Gartenstraße 124";"10115";"Berlin";"Deutschland"
"EMP-0218";"Greta";"Öztürk";"greta.oeztuerk218@firma.test";"+49 33 3652149";"Product Designer";"R&D";"2018-10-26";"126257";"Bergweg 107";"04109";"Leipzig";"Deutschland"
"EMP-0219";"Olivia";"Meier";"olivia.meier219@firma.test";"+49 85 6357240";"SEO Specialist";"Marketing";"2019-08-12";"76970";"Lindenweg 103";"45127";"Essen";"Deutschland"
"EMP-0220";"Daniel";"Hahn";"daniel.hahn220@firma.test";"+49 45 8826111";"Supply Chain Analyst";"Operations";"2019-03-11";"77827";"Bahnhofstraße 69";"44135";"Dortmund";"Deutschland"
"EMP-0221";"Nadine";"Wolf";"nadine.wolf221@firma.test";"+49 85 8015136";"Sales Representative";"Sales";"2021-04-03";"86351";"Schulstraße 41";"10115";"Berlin";"Deutschland"
"EMP-0222";"Selin";"Braun";"selin.braun222@firma.test";"+49 40 9359508";"Vendor Manager";"Procurement";"2020-02-17";"136023";"Feldweg 120";"70173";"Stuttgart";"Deutschland"
"EMP-0223";"Oskar";"Russo";"oskar.russo223@firma.test";"+49 62 8671057";"CFO";"Finance";"2019-01-04";"87543";"Schulstraße 56";"10115";"Berlin";"Deutschland"
"EMP-0224";"Sabine";"Hofmann";"sabine.hofmann224@firma.test";"+49 86 8895137";"Software Engineer";"IT";"2023-07-21";"114317";"Gartenstraße 138";"60311";"Frankfurt";"Deutschland"
"EMP-0225";"Alexander";"Arslan";"alexander.arslan225@firma.test";"+49 53 7765480";"Payroll Specialist";"HR";"2020-12-19";"131355";"Lindenweg 12";"80331";"München";"Deutschland"
"EMP-0226";"Lukas";"Fischer";"lukas.fischer226@firma.test";"+49 48 2233658";"Vendor Manager";"Procurement";"2022-01-24";"108512";"Ringstraße 130";"50667";"Köln";"Deutschland"
"EMP-0227";"Nadine";"Hahn";"nadine.hahn227@firma.test";"+49 69 2993318";"Compliance Officer";"Legal";"2024-12-27";"125181";"Dorfstraße 25";"90402";"Nürnberg";"Deutschland"
"EMP-0228";"Lukas";"Hartmann";"lukas.hartmann228@firma.test";"+49 68 9541658";"Supply Chain Analyst";"Operations";"2019-08-14";"62090";"Ringstraße 129";"70173";"Stuttgart";"Deutschland"
"EMP-0229";"Andreas";"Schneider";"andreas.schneider229@firma.test";"+49 63 8666995";"DevOps Engineer";"IT";"2021-09-26";"98094";"Dorfstraße 156";"01067";"Dresden";"Deutschland"
"EMP-0230";"Sofia";"Schulze";"sofia.schulze230@firma.test";"+49 55 6020319";"Sales Director";"Sales";"2021-07-28";"57299";"Kirchplatz 87";"45127";"Essen";"Deutschland"
"EMP-0231";"Paula";"Çelik";"paula.celik231@firma.test";"+49 49 8967375";"Paralegal";"Legal";"2025-12-12";"109783";"Hauptstraße 95";"04109";"Leipzig";"Deutschland"
"EMP-0232";"Julia";"Lang";"julia.lang232@firma.test";"+49 85 1447065";"Payroll Specialist";"HR";"2021-06-14";"131069";"Kirchplatz 122";"45127";"Essen";"Deutschland"
"EMP-0233";"Hannah";"Tran";"hannah.tran233@firma.test";"+49 60 3860717";"Vendor Manager";"Procurement";"2018-07-30";"112483";"Feldweg 162";"50667";"Köln";"Deutschland"
"EMP-0234";"Zoe";"Huber";"zoe.huber234@firma.test";"+49 32 2843740";"Research Scientist";"R&D";"2025-08-20";"67745";"Schulstraße 5";"90402";"Nürnberg";"Deutschland"
"EMP-0235";"Nadine";"Braun";"nadine.braun235@firma.test";"+49 56 9419134";"Research Scientist";"R&D";"2025-09-29";"62724";"Kirchplatz 121";"40213";"Düsseldorf";"Deutschland"
"EMP-0236";"Giulia";"Arslan";"giulia.arslan236@firma.test";"+49 65 6453426";"QA Engineer";"IT";"2023-10-26";"63176";"Bergweg 135";"80331";"München";"Deutschland"
"EMP-0237";"Laura";"Braun";"laura.braun237@firma.test";"+49 52 5435261";"Key Account Manager";"Sales";"2021-11-03";"107601";"Kirchplatz 124";"44135";"Dortmund";"Deutschland"
"EMP-0238";"Fabian";"Tran";"fabian.tran238@firma.test";"+49 49 5848684";"SEO Specialist";"Marketing";"2021-05-07";"65473";"Schulstraße 177";"44135";"Dortmund";"Deutschland"
"EMP-0239";"Yvonne";"Schmid";"yvonne.schmid239@firma.test";"+49 47 5828304";"Logistics Coordinator";"Operations";"2024-04-14";"130589";"Bahnhofstraße 147";"70173";"Stuttgart";"Deutschland"
"EMP-0240";"Vanessa";"Köhler";"vanessa.koehler240@firma.test";"+49 81 3457461";"Product Designer";"R&D";"2021-11-14";"137327";"Gartenstraße 11";"90402";"Nürnberg";"Deutschland"
"EMP-0241";"Isabella";"Tran";"isabella.tran241@firma.test";"+49 77 9037616";"HR Business Partner";"HR";"2025-05-10";"69612";"Schulstraße 52";"04109";"Leipzig";"Deutschland"
"EMP-0242";"Selin";"Köhler";"selin.koehler242@firma.test";"+49 77 5014486";"Financial Analyst";"Finance";"2019-03-24";"116698";"Schulstraße 13";"80331";"München";"Deutschland"
"EMP-0243";"Viktor";"Ferrari";"viktor.ferrari243@firma.test";"+49 36 7934046";"Legal Counsel";"Legal";"2020-08-11";"42880";"Lindenweg 184";"28195";"Bremen";"Deutschland"
"EMP-0244";"Olivia";"Wagner";"olivia.wagner244@firma.test";"+49 71 8980915";"Sales Representative";"Sales";"2019-10-09";"89334";"Bergweg 167";"44135";"Dortmund";"Deutschland"
"EMP-0245";"Fabian";"Hahn";"fabian.hahn245@firma.test";"+49 88 2500901";"Financial Analyst";"Finance";"2025-03-30";"43754";"Kirchplatz 60";"60311";"Frankfurt";"Deutschland"
"EMP-0246";"Quentin";"Jung";"quentin.jung246@firma.test";"+49 83 7660463";"DevOps Engineer";"IT";"2019-12-22";"40763";"Bergweg 48";"40213";"Düsseldorf";"Deutschland"
"EMP-0247";"Elena";"Jung";"elena.jung247@firma.test";"+49 68 2800206";"Controller";"Finance";"2021-05-07";"110443";"Lindenweg 73";"10115";"Berlin";"Deutschland"
"EMP-0248";"Niklas";"Fuchs";"niklas.fuchs248@firma.test";"+49 59 5577446";"Paralegal";"Legal";"2019-07-04";"102088";"Schulstraße 29";"04109";"Leipzig";"Deutschland"
"EMP-0249";"Julia";"Schäfer";"julia.schaefer249@firma.test";"+49 77 6655803";"Helpdesk Technician";"Support";"2020-02-02";"37846";"Gartenstraße 146";"60311";"Frankfurt";"Deutschland"
"EMP-0250";"Vanessa";"Hahn";"vanessa.hahn250@firma.test";"+49 82 8175669";"Content Creator";"Marketing";"2025-03-01";"89148";"Feldweg 84";"45127";"Essen";"Deutschland"
"EMP-0251";"Brigitte";"Schmitt";"brigitte.schmitt251@firma.test";"+49 89 5161539";"Recruiter";"HR";"2023-05-10";"78415";"Hauptstraße 67";"80331";"München";"Deutschland"
"EMP-0252";"Laura";"Wolf";"laura.wolf252@firma.test";"+49 76 1191859";"Customer Success Manager";"Support";"2021-05-21";"112344";"Gartenstraße 168";"70173";"Stuttgart";"Deutschland"
"EMP-0253";"Konstantin";"Scholz";"konstantin.scholz253@firma.test";"+49 49 3679603";"Marketing Manager";"Marketing";"2019-04-30";"97000";"Ringstraße 176";"28195";"Bremen";"Deutschland"
"EMP-0254";"Paula";"Nguyen";"paula.nguyen254@firma.test";"+49 69 4705235";"Controller";"Finance";"2021-04-23";"84174";"Schulstraße 35";"28195";"Bremen";"Deutschland"
"EMP-0255";"Olivia";"Hoffmann";"olivia.hoffmann255@firma.test";"+49 74 8899184";"Helpdesk Technician";"Support";"2022-03-11";"90505";"Feldweg 171";"45127";"Essen";"Deutschland"
"EMP-0256";"Selin";"Richter";"selin.richter256@firma.test";"+49 75 7069742";"Marketing Manager";"Marketing";"2023-01-04";"105228";"Bahnhofstraße 145";"44135";"Dortmund";"Deutschland"
"EMP-0257";"Claudia";"Fischer";"claudia.fischer257@firma.test";"+49 39 3760475";"Paralegal";"Legal";"2024-06-03";"106341";"Lindenweg 134";"50667";"Köln";"Deutschland"
"EMP-0258";"Nadine";"Becker";"nadine.becker258@firma.test";"+49 81 1933413";"Brand Manager";"Marketing";"2023-09-22";"94390";"Bergweg 34";"20095";"Hamburg";"Deutschland"
"EMP-0259";"Paula";"Werner";"paula.werner259@firma.test";"+49 73 6170227";"Helpdesk Technician";"Support";"2024-04-07";"96604";"Hauptstraße 102";"10115";"Berlin";"Deutschland"
"EMP-0260";"Hannah";"Kaya";"hannah.kaya260@firma.test";"+49 32 8108462";"QA Engineer";"IT";"2024-06-26";"45572";"Lindenweg 180";"50667";"Köln";"Deutschland"
"EMP-0261";"Benjamin";"Köhler";"benjamin.koehler261@firma.test";"+49 56 4019585";"Software Engineer";"IT";"2018-05-10";"73629";"Dorfstraße 197";"04109";"Leipzig";"Deutschland"
"EMP-0262";"Ursula";"Weiß";"ursula.weiss262@firma.test";"+49 54 2346371";"Product Designer";"R&D";"2023-01-12";"85479";"Feldweg 35";"40213";"Düsseldorf";"Deutschland"
"EMP-0263";"Ursula";"Rossi";"ursula.rossi263@firma.test";"+49 63 3136529";"Operations Manager";"Operations";"2024-01-10";"87518";"Schulstraße 1";"80331";"München";"Deutschland"
"EMP-0264";"Mehmet";"Schmidt";"mehmet.schmidt264@firma.test";"+49 64 7363203";"CFO";"Finance";"2024-02-09";"91591";"Schulstraße 64";"28195";"Bremen";"Deutschland"
"EMP-0265";"Niklas";"Hofmann";"niklas.hofmann265@firma.test";"+49 81 8033690";"Sales Director";"Sales";"2019-04-08";"40222";"Kirchplatz 197";"50667";"Köln";"Deutschland"
"EMP-0266";"Elena";"Russo";"elena.russo266@firma.test";"+49 68 1563316";"DevOps Engineer";"IT";"2018-10-03";"49224";"Bergweg 154";"50667";"Köln";"Deutschland"
"EMP-0267";"Vanessa";"Möller";"vanessa.moeller267@firma.test";"+49 58 4931560";"DevOps Engineer";"IT";"2018-07-01";"88725";"Feldweg 56";"01067";"Dresden";"Deutschland"
"EMP-0268";"Mehmet";"Rossi";"mehmet.rossi268@firma.test";"+49 82 6350316";"DevOps Engineer";"IT";"2021-03-30";"66692";"Kirchplatz 154";"44135";"Dortmund";"Deutschland"
"EMP-0269";"Ayşe";"Lang";"ayse.lang269@firma.test";"+49 63 4708481";"Operations Manager";"Operations";"2019-08-10";"122535";"Ringstraße 77";"60311";"Frankfurt";"Deutschland"
"EMP-0270";"Heinrich";"Fischer";"heinrich.fischer270@firma.test";"+49 73 8167236";"Paralegal";"Legal";"2019-12-19";"118050";"Feldweg 127";"01067";"Dresden";"Deutschland"
"EMP-0271";"Angelika";"Hofmann";"angelika.hofmann271@firma.test";"+49 56 3503456";"Innovation Manager";"R&D";"2025-10-23";"90568";"Gartenstraße 97";"70173";"Stuttgart";"Deutschland"
"EMP-0272";"Emil";"Hahn";"emil.hahn272@firma.test";"+49 84 3421820";"Compliance Officer";"Legal";"2020-07-12";"75418";"Bergweg 15";"50667";"Köln";"Deutschland"
"EMP-0273";"Rebecca";"Werner";"rebecca.werner273@firma.test";"+49 45 5278117";"Innovation Manager";"R&D";"2019-07-04";"86910";"Schulstraße 85";"44135";"Dortmund";"Deutschland"
"EMP-0274";"Ursula";"Meyer";"ursula.meyer274@firma.test";"+49 83 4195751";"Customer Success Manager";"Support";"2024-01-03";"130972";"Hauptstraße 69";"20095";"Hamburg";"Deutschland"
"EMP-0275";"Laura";"Lang";"laura.lang275@firma.test";"+49 81 4640933";"Vendor Manager";"Procurement";"2018-10-26";"60662";"Bergweg 54";"10115";"Berlin";"Deutschland"
"EMP-0276";"Giulia";"Esposito";"giulia.esposito276@firma.test";"+49 77 2968239";"Logistics Coordinator";"Operations";"2020-05-17";"60906";"Bergweg 63";"10115";"Berlin";"Deutschland"
"EMP-0277";"Wolfgang";"Mayer";"wolfgang.mayer277@firma.test";"+49 79 5748945";"Brand Manager";"Marketing";"2024-03-11";"78154";"Ringstraße 120";"50667";"Köln";"Deutschland"
"EMP-0278";"Quentin";"Fuchs";"quentin.fuchs278@firma.test";"+49 86 9342928";"Logistics Coordinator";"Operations";"2022-01-13";"103215";"Bergweg 26";"60311";"Frankfurt";"Deutschland"
"EMP-0279";"Kemal";"Weiß";"kemal.weiss279@firma.test";"+49 56 1766977";"Customer Success Manager";"Support";"2022-02-27";"77015";"Kirchplatz 57";"50667";"Köln";"Deutschland"
"EMP-0280";"Emre";"Hoffmann";"emre.hoffmann280@firma.test";"+49 76 8005797";"Tech Lead";"IT";"2024-07-20";"111909";"Gartenstraße 40";"44135";"Dortmund";"Deutschland"
"EMP-0281";"Fabian";"Krüger";"fabian.krueger281@firma.test";"+49 65 6663388";"Brand Manager";"Marketing";"2020-10-03";"101444";"Gartenstraße 196";"45127";"Essen";"Deutschland"
"EMP-0282";"Selin";"Schmid";"selin.schmid282@firma.test";"+49 38 9192588";"Customer Success Manager";"Support";"2021-12-13";"58185";"Dorfstraße 139";"80331";"München";"Deutschland"
"EMP-0283";"Ursula";"Tran";"ursula.tran283@firma.test";"+49 33 1107102";"Data Engineer";"IT";"2018-11-01";"123584";"Ringstraße 36";"10115";"Berlin";"Deutschland"
"EMP-0284";"Burak";"Kaiser";"burak.kaiser284@firma.test";"+49 43 9484790";"Marketing Manager";"Marketing";"2019-09-11";"37198";"Bergweg 96";"01067";"Dresden";"Deutschland"
"EMP-0285";"Angelika";"Huber";"angelika.huber285@firma.test";"+49 30 9929043";"Procurement Manager";"Procurement";"2023-06-22";"38061";"Feldweg 106";"28195";"Bremen";"Deutschland"
"EMP-0286";"Alexander";"Schmidt";"alexander.schmidt286@firma.test";"+49 31 9425786";"Paralegal";"Legal";"2024-01-04";"73576";"Ringstraße 46";"60311";"Frankfurt";"Deutschland"
"EMP-0287";"Christian";"Esposito";"christian.esposito287@firma.test";"+49 63 5234874";"Recruiter";"HR";"2020-02-26";"117235";"Lindenweg 69";"50667";"Köln";"Deutschland"
"EMP-0288";"Fatma";"Schmitt";"fatma.schmitt288@firma.test";"+49 45 4789255";"HR Business Partner";"HR";"2023-02-24";"110055";"Gartenstraße 176";"40213";"Düsseldorf";"Deutschland"
"EMP-0289";"Selin";"Arslan";"selin.arslan289@firma.test";"+49 54 8986040";"HR Manager";"HR";"2022-07-19";"85710";"Hauptstraße 164";"20095";"Hamburg";"Deutschland"
"EMP-0290";"Alexander";"Scholz";"alexander.scholz290@firma.test";"+49 80 6557798";"Sales Representative";"Sales";"2022-11-13";"120529";"Kirchplatz 25";"04109";"Leipzig";"Deutschland"
"EMP-0291";"Sofia";"Maier";"sofia.maier291@firma.test";"+49 60 5548220";"DevOps Engineer";"IT";"2025-10-06";"110289";"Hauptstraße 20";"50667";"Köln";"Deutschland"
"EMP-0292";"Vanessa";"Nguyen";"vanessa.nguyen292@firma.test";"+49 43 3419132";"Controller";"Finance";"2021-07-12";"38052";"Ringstraße 20";"80331";"München";"Deutschland"
"EMP-0293";"Ivan";"Schäfer";"ivan.schaefer293@firma.test";"+49 87 6565503";"Buyer";"Procurement";"2022-05-13";"124740";"Ringstraße 194";"45127";"Essen";"Deutschland"
"EMP-0294";"Emre";"Schulz";"emre.schulz294@firma.test";"+49 44 2275374";"HR Business Partner";"HR";"2019-02-05";"93290";"Lindenweg 155";"10115";"Berlin";"Deutschland"
"EMP-0295";"Ayşe";"Huber";"ayse.huber295@firma.test";"+49 70 5585666";"Procurement Manager";"Procurement";"2021-08-29";"39883";"Bergweg 126";"30159";"Hannover";"Deutschland"
"EMP-0296";"Gabriel";"Hofmann";"gabriel.hofmann296@firma.test";"+49 67 7376562";"Compliance Officer";"Legal";"2020-01-31";"125088";"Bahnhofstraße 198";"40213";"Düsseldorf";"Deutschland"
"EMP-0297";"Tanja";"Schwarz";"tanja.schwarz297@firma.test";"+49 54 3588336";"Marketing Manager";"Marketing";"2021-01-02";"56214";"Ringstraße 82";"20095";"Hamburg";"Deutschland"
"EMP-0298";"Konstantin";"Wagner";"konstantin.wagner298@firma.test";"+49 78 5525929";"HR Manager";"HR";"2022-12-27";"83175";"Bahnhofstraße 34";"60311";"Frankfurt";"Deutschland"
"EMP-0299";"Brigitte";"Koch";"brigitte.koch299@firma.test";"+49 56 2732967";"Product Designer";"R&D";"2024-03-22";"103166";"Hauptstraße 23";"44135";"Dortmund";"Deutschland"
"EMP-0300";"Katharina";"Herrmann";"katharina.herrmann300@firma.test";"+49 48 7942580";"HR Business Partner";"HR";"2022-04-27";"37617";"Ringstraße 200";"90402";"Nürnberg";"Deutschland"
